location_id,outlet_code,location_name,region,kiosk_count,location_live_date,kiosk_id,kiosk_serial_number,kiosk_hardware_model,assigned_at,unassigned_at,is_currently_assigned
4e2f09ea-5494-4fe3-955b-22b99f2171c8,0S,Novotel Greenwich,United Kingdom,2,2025-09-06 00:00:00,5ae91f74-6e11-4923-8eae-8d260a762e09,WKG-POS-305,,2026-04-18 12:36:55.117125+00,,TRUE
4e2f09ea-5494-4fe3-955b-22b99f2171c8,0S,Novotel Greenwich,United Kingdom,2,2025-09-06 00:00:00,1c643524-1975-4caa-8c62-73034cc6b6d7,WKG-POS-241,,2026-04-18 12:40:13.56573+00,,TRUE
23d79d72-b8b5-429a-aed9-482bbc31f85e,0V,Kenwood Hall,United Kingdom,2,2025-08-12 00:00:00,af45fcdb-1cbe-4ca5-b7f5-b1bae0a2bc3f,WKG-POS-408,,2026-04-18 12:37:42.876267+00,,TRUE
23d79d72-b8b5-429a-aed9-482bbc31f85e,0V,Kenwood Hall,United Kingdom,2,2025-08-12 00:00:00,8a2e64b4-3b52-4f6d-924f-4dc46e568be3,WKG-POS-008,Wall Mounted,2026-04-18 12:45:40.942681+00,,TRUE
e944948e-14c6-4cc1-9b90-c1de9b10bfac,1S,Hotel Zentral Castellana Norte,Spain,2,2024-11-19 03:55:00,0a54fee7-4a80-4867-9f77-0aa2b7f9bdec,WKG-POS-291,,2026-04-18 12:36:48.915776+00,,TRUE
e944948e-14c6-4cc1-9b90-c1de9b10bfac,1S,Hotel Zentral Castellana Norte,Spain,2,2024-11-19 03:55:00,d5ea32f3-4f68-40ae-a6d4-eb0d3f79872a,WKG-POS-058,,2026-04-18 12:43:42.883758+00,,TRUE
4bb6a72c-84e4-4269-971c-c7564d07ad28,1U,Assembly Hotel Covent Garden SSM,United Kingdom,2,2023-12-20 00:00:00,98ff7f9b-003a-40e0-809e-9c05865540f2,WKG-POS-485,,2026-04-18 12:38:09.455231+00,,TRUE
4bb6a72c-84e4-4269-971c-c7564d07ad28,1U,Assembly Hotel Covent Garden SSM,United Kingdom,2,2023-12-20 00:00:00,e0562797-c401-4c7b-822f-3fbe08a235e5,WKG-POS-066,,2026-04-18 12:43:57.824302+00,,TRUE
20af8a7f-fd9b-42b9-b998-52b077ce66ea,1W,Holiday Inn Frankfurt - Alte Oper,Germany,2,2024-04-02 10:19:00,2d075b14-7fd8-436e-b188-6371d0ceff17,WKG-POS-047,KONG Self-Stadning,2026-04-18 12:43:15.021723+00,,TRUE
20af8a7f-fd9b-42b9-b998-52b077ce66ea,1W,Holiday Inn Frankfurt - Alte Oper,Germany,2,2024-04-02 10:19:00,20f1f02a-42b3-47cf-b5a8-40e6024e1e25,WKG-POS-284,,2026-04-18 12:47:04.956611+00,,TRUE
54db0054-f61f-4248-908c-a0c9a18db4df,2S,Melia Innside Valdebebas,Spain,2,2025-07-09 00:00:00,9e2c8e44-b756-47a2-b264-4842cf7d345b,WKG-POS-293,,2026-04-18 12:40:15.210248+00,,TRUE
54db0054-f61f-4248-908c-a0c9a18db4df,2S,Melia Innside Valdebebas,Spain,2,2025-07-09 00:00:00,81a32761-0297-41c2-a5ef-7bbfcf53ff29,WKG-POS-199,,2026-04-18 12:40:36.580565+00,,TRUE
bfa01378-9baf-4e33-a46a-1a1fc21e2ebb,2U,Crowne Plaza London Kings Cross SSM,United Kingdom,2,2024-02-22 00:00:00,877f29f5-afa1-4762-800d-4501bad63c33,WKG-POS-332,,2026-04-18 12:38:00.960056+00,,TRUE
bfa01378-9baf-4e33-a46a-1a1fc21e2ebb,2U,Crowne Plaza London Kings Cross SSM,United Kingdom,2,2024-02-22 00:00:00,e500e74b-e991-44ed-9670-8c078ac19d88,WKG-POS-18-01,WKG Desktop,2026-04-18 12:43:48.529423+00,,TRUE
36b395ff-67de-492a-9746-be8948d3e216,3U,Zedwell Greenwich SSM,United Kingdom,2,2023-12-18 00:00:00,fbc7dae1-2960-4a78-9443-e58bcb1f57e4,WKG-POS-123,,2026-04-18 12:38:11.39276+00,,TRUE
36b395ff-67de-492a-9746-be8948d3e216,3U,Zedwell Greenwich SSM,United Kingdom,2,2023-12-18 00:00:00,2e370cf2-8053-4619-a9bf-9f4069b9cd80,WKG-POS-064,,2026-04-18 12:43:52.841283+00,,TRUE
9ecf913f-c61f-4756-8a58-57e8b15de6b4,3W,ibis budget Berlin Kurfuerstendamm,Germany,2,2024-07-26 01:00:00,cf16487b-34b3-47ea-9c02-e470b64b04ee,WKG-POS-083,KONG Self-Stadning,2026-04-18 12:43:08.984671+00,,TRUE
9ecf913f-c61f-4756-8a58-57e8b15de6b4,3W,ibis budget Berlin Kurfuerstendamm,Germany,2,2024-07-26 01:00:00,594fd5a7-1cee-4b7d-812e-7f0381baceaa,WKG-POS-124,,2026-04-18 12:47:07.472672+00,,TRUE
0af4a262-6fad-4ced-ab4f-f50dd92f428b,4S,Sheraton Skyline SSM,United Kingdom,2,2023-09-12 00:00:00,cb0f5fa5-66d4-4b72-828f-a1866dcca56f,WKG-POS-295,,2026-04-18 12:36:50.605882+00,,TRUE
0af4a262-6fad-4ced-ab4f-f50dd92f428b,4S,Sheraton Skyline SSM,United Kingdom,2,2023-09-12 00:00:00,ca953d8f-2462-4406-b6b2-528654c7bb04,WKG-POS-078,,2026-04-18 12:44:15.14223+00,,TRUE
fef8cb63-7c81-4133-9b8a-de3a1fd0f5fe,4X,Room 2,United Kingdom,2,2024-08-21 09:19:00,1788879d-4896-45c4-a0b4-cb0582c2f79c,WKG-POS-101,,2026-04-18 12:42:51.966873+00,,TRUE
fef8cb63-7c81-4133-9b8a-de3a1fd0f5fe,4X,Room 2,United Kingdom,2,2024-08-21 09:19:00,6f37fc4e-a220-4453-b21d-bf666130d77d,WKG-POS-ELO,,2026-04-18 12:43:03.945924+00,,TRUE
d3029397-8768-413e-9ed4-5f0622d0a71b,5S,Moxy Manchester City,United Kingdom,2,2025-07-09 00:00:00,13ed470d-bb86-4605-8acb-7e3214a5b502,WKG-POS-296,,2026-04-18 12:36:52.239064+00,,TRUE
d3029397-8768-413e-9ed4-5f0622d0a71b,5S,Moxy Manchester City,United Kingdom,2,2025-07-09 00:00:00,ef2c4440-990d-4ca8-92a7-cb78df2f38cc,WKG-POS-200,,2026-04-18 12:40:47.575333+00,,TRUE
bb351480-5b8d-466a-b1c0-9541db0ad6ad,6S,Hotel Ciudad de Alcalá,Spain,2,2025-08-12 00:00:00,2df5a14c-c1e5-4c87-85e8-3af9174b1fea,WKG-POS-222,,2026-04-18 12:45:32.352947+00,,TRUE
bb351480-5b8d-466a-b1c0-9541db0ad6ad,6S,Hotel Ciudad de Alcalá,Spain,2,2025-08-12 00:00:00,49edd33f-71bd-47ac-acb5-4eed4d2e588e,WKG-POS-297,,2026-04-18 12:46:30.863153+00,,TRUE
276dcaa3-c1a0-46df-9b3a-98bed38642c6,7K,Courtyard by Marriott SSM,United Kingdom,2,2023-09-21 00:00:00,8e6e3da1-431e-491e-961d-6545e7a8d8ac,WKG-POS-21-11,KONG Self-Stadning,2026-04-18 12:44:20.240744+00,,TRUE
276dcaa3-c1a0-46df-9b3a-98bed38642c6,7K,Courtyard by Marriott SSM,United Kingdom,2,2023-09-21 00:00:00,d6bc66dd-1ba9-46aa-8b8a-3a7dbf28a57f,WKG-POS-372,,2026-04-18 12:46:14.884446+00,,TRUE
f7360fc3-67e5-4bf1-9a1e-aa342b768aa9,8S,Ibis Styles Madrid Airport,Spain,2,2025-08-12 00:00:00,df2e00f9-0239-4d1c-9f83-4fdeb428cece,WKG-POS-223,,2026-04-18 12:45:33.979599+00,,TRUE
f7360fc3-67e5-4bf1-9a1e-aa342b768aa9,8S,Ibis Styles Madrid Airport,Spain,2,2025-08-12 00:00:00,00e0a161-f8f0-47df-8efe-bfe8ea40a284,WKG-POS-298,,2026-04-18 12:46:29.180329+00,,TRUE
39afdf84-1d10-4dd0-99bd-c832e0d90b9e,9S,Melia Barajas,Spain,2,2024-08-08 09:50:00,d281320a-fae7-4cda-a522-679abc42637d,WKG-POS-091,,2026-04-18 12:42:39.197082+00,,TRUE
39afdf84-1d10-4dd0-99bd-c832e0d90b9e,9S,Melia Barajas,Spain,2,2024-08-08 09:50:00,15e34263-da70-4f9f-8843-8e90fae6c2c7,WKG-POS-349,,2026-04-18 12:46:39.408632+00,,TRUE
afe15c7c-0f9d-4521-85f3-3342d4f57ef6,C1,CBS OTH,United Kingdom,2,2025-04-28 00:00:00,2ffd6109-f99c-4e76-9c35-a04a06301ebd,WKG-POS-134,,2026-04-20 12:31:44.201289+00,,TRUE
afe15c7c-0f9d-4521-85f3-3342d4f57ef6,C1,CBS OTH,United Kingdom,2,2025-04-28 00:00:00,713d1af9-4c08-43ea-af53-fc358a0d6943,WKG-POS-351,,2026-04-20 12:33:33.943591+00,,TRUE
7de87861-d355-475e-bf40-952289a89b96,C2,CBS OTH,United Kingdom,2,2025-04-28 00:00:00,0fd55d8b-2ebf-419e-9a91-2b87643bba03,WKG-POS-153,,2026-04-20 12:32:06.570858+00,,TRUE
7de87861-d355-475e-bf40-952289a89b96,C2,CBS OTH,United Kingdom,2,2025-04-28 00:00:00,9559d326-a9de-45ff-816f-27aaef9b1f0c,WKG-POS-352,,2026-04-20 12:33:35.567546+00,,TRUE
7f0e115a-97d8-4e3d-a7a4-b7d413288e28,J6,Zedwell Park Lane,United Kingdom,2,2026-02-09 04:57:00,ec1475fb-5677-48b7-ac1e-fe6a2657f19d,WKG-POS-009,,2026-04-20 12:24:06.848754+00,,TRUE
7f0e115a-97d8-4e3d-a7a4-b7d413288e28,J6,Zedwell Park Lane,United Kingdom,2,2026-02-09 04:57:00,5691e0ad-c2ba-48be-90cc-168a32206ee7,WKG-POS-550,,2026-04-20 12:24:14.723184+00,,TRUE
262dbfec-4939-4d78-ae77-ed0498c3cd53,K1,Ibis Madrid Norte Las Tablas,Spain,2,2025-06-26 06:05:00,6cdaf8bd-a128-4b7c-9873-5b27d7d1f69c,WKG-POS-300,,2026-04-18 12:40:11.945269+00,,TRUE
262dbfec-4939-4d78-ae77-ed0498c3cd53,K1,Ibis Madrid Norte Las Tablas,Spain,2,2025-06-26 06:05:00,3b1fa0a7-957c-430c-bf1a-1acb4a93ae21,WKG-POS-185,,2026-04-18 12:40:49.20341+00,,TRUE
657aa9ad-e87e-4bff-baab-f2e5397e50b4,K4,Moxy Hotel SSM,United Kingdom,2,2023-09-12 00:00:00,0539f6ee-eab4-42c4-87d1-fa273ff2f270,WKG-POS-338,,2026-04-18 12:36:36.789207+00,,TRUE
657aa9ad-e87e-4bff-baab-f2e5397e50b4,K4,Moxy Hotel SSM,United Kingdom,2,2023-09-12 00:00:00,2712cc95-fb45-4869-a397-35a01ec5f5b6,WKGSBBATHRD1,KONG Self-Stadning,2026-04-18 12:44:33.584399+00,,TRUE
6240be15-58ac-4420-b375-2021b971af17,K5,Holiday Inn Express T5 SSM,United Kingdom,2,2023-09-12 00:00:00,aec00d20-e142-41ae-99b9-49db44bae0c7,WKG-POS-339,,2026-04-18 12:38:19.485117+00,,TRUE
6240be15-58ac-4420-b375-2021b971af17,K5,Holiday Inn Express T5 SSM,United Kingdom,2,2023-09-12 00:00:00,6e6081b8-af03-49af-8b6d-f8a8804f647f,WKG-POS-21-15,KONG Self-Stadning,2026-04-18 12:44:28.539251+00,,TRUE
fd46f8e1-c741-46f3-ab3b-0c42011153f9,K7,Courtyard by Marriott SSM,United Kingdom,2,2023-09-21 00:00:00,15756c58-8e65-4f05-91a2-019f0b247f5e,WKG-POS-326,,2026-04-18 12:38:36.980034+00,,TRUE
fd46f8e1-c741-46f3-ab3b-0c42011153f9,K7,Courtyard by Marriott SSM,United Kingdom,2,2023-09-21 00:00:00,5439be04-3a86-43f8-8a56-20842f23d7c5,WKG-POS-15-01,KONG Self-Stadning,2026-04-18 12:44:18.614653+00,,TRUE
765dddf1-d0e2-4546-9f36-24f872fd8b01,KA,ACC Liverpool,United Kingdom,2,2026-01-15 00:00:00,95dc813c-f09c-4cef-9b2f-4113f33868ca,WKG-POS-323,,2026-04-20 12:25:44.913196+00,,TRUE
765dddf1-d0e2-4546-9f36-24f872fd8b01,KA,ACC Liverpool,United Kingdom,2,2026-01-15 00:00:00,905079be-8280-44e2-a0e4-ee0f108f2c02,WKG-POS-427,,2026-04-20 12:32:53.613386+00,,TRUE
7754dfd3-6b18-4f6b-b011-d362692a2348,P0,Radisson Blu Liverpool,United Kingdom,2,2024-12-17 00:00:00,cb910de1-140d-4405-b78d-edd0481d8677,WKG-POS-329,,2026-04-18 12:38:39.658869+00,,TRUE
7754dfd3-6b18-4f6b-b011-d362692a2348,P0,Radisson Blu Liverpool,United Kingdom,2,2024-12-17 00:00:00,56a7e003-2314-4b8e-9945-5ec8e4c796dc,WKG-POS-132,,2026-04-18 12:42:26.883308+00,,TRUE
82744f9d-39f7-4075-94f9-4f0464cdbdc2,P1,Hampton by Hilton London Waterloo,United Kingdom,2,2024-11-14 07:52:00,6ecb0be7-a90d-4174-9e54-b6c46e44efc0,WKG-POS-345,,2026-04-18 12:36:43.735531+00,,TRUE
82744f9d-39f7-4075-94f9-4f0464cdbdc2,P1,Hampton by Hilton London Waterloo,United Kingdom,2,2024-11-14 07:52:00,c7056260-c916-4697-b8e0-11d4818df476,WKG-POS-116,,2026-04-18 12:44:52.395967+00,,TRUE
5f27b01a-93ae-44bd-a792-1affcdc16237,P2,Thistle Kensington Gardens,United Kingdom,2,2024-11-14 07:22:00,003c0407-9887-4791-8448-03fbc5928917,WKG-POS-344,,2026-04-18 12:36:41.79396+00,,TRUE
5f27b01a-93ae-44bd-a792-1affcdc16237,P2,Thistle Kensington Gardens,United Kingdom,2,2024-11-14 07:22:00,1704bc1c-8b91-4d72-817a-8662854bd6a2,WKG-POS-117,,2026-04-18 12:44:50.761527+00,,TRUE
58e4e252-a6bd-4b58-99a4-aef7dbdc80fb,P3,Radisson Blu Durham,United Kingdom,2,2025-04-02 00:00:00,f62f4129-e25b-4062-9df9-e9e804498759,WKG-POS-337,,2026-04-18 12:36:35.100891+00,,TRUE
58e4e252-a6bd-4b58-99a4-aef7dbdc80fb,P3,Radisson Blu Durham,United Kingdom,2,2025-04-02 00:00:00,96082465-9cfc-480a-89eb-9d249965abd3,WKG-POS-150,,2026-04-18 12:45:20.966491+00,,TRUE
853d0a5b-4ca1-49e5-a3d6-11681ef5cfea,P4,The Reach at Piccadilly Manchester,United Kingdom,2,2026-03-26 04:58:00,792379fa-e78f-41f6-a0e2-d4a224fdf79f,WKG-POS-336,,2026-04-18 12:36:33.291947+00,,TRUE
853d0a5b-4ca1-49e5-a3d6-11681ef5cfea,P4,The Reach at Piccadilly Manchester,United Kingdom,2,2026-03-26 04:58:00,1589e477-9a5b-40ad-a1e5-afb748563e2a,WKG-POS-127,,2026-04-18 12:37:08.255175+00,,TRUE
a05d6fd3-4c20-4a6f-b8eb-4c6d1892dc70,P5,Maldron Hotel Manchester Centre,United Kingdom,2,2024-12-17 00:00:00,17f45837-35d7-496e-b0dd-f1f68e08c17d,WKG-POS-335,,2026-04-18 12:36:31.587716+00,,TRUE
a05d6fd3-4c20-4a6f-b8eb-4c6d1892dc70,P5,Maldron Hotel Manchester Centre,United Kingdom,2,2024-12-17 00:00:00,a885baae-5c0c-414b-bc4d-5a4e5a26e5da,WKG-POS-128,,2026-04-18 12:42:30.572903+00,,TRUE
6cf61ae9-be5e-4487-b567-1fc91f416d4f,P6,Royal Station Hotel Newcastle,United Kingdom,2,2025-04-02 00:00:00,ce2fd92b-93b4-490e-a5d0-c3f0826d6269,WKG-POS-341,,2026-04-18 12:36:29.826042+00,,TRUE
6cf61ae9-be5e-4487-b567-1fc91f416d4f,P6,Royal Station Hotel Newcastle,United Kingdom,2,2025-04-02 00:00:00,bb8ec824-70cf-4884-b230-674f7e515577,WKG-POS-151,,2026-04-18 12:45:22.809973+00,,TRUE
562cf14e-7e92-4232-a8c7-38214271f2ef,P7,Radisson Blu Manchester Airport,United Kingdom,2,2024-12-17 00:00:00,a4ef0fed-500f-487c-9952-1bac3c7068a9,WKG-POS-340,,2026-04-18 12:36:38.431308+00,,TRUE
562cf14e-7e92-4232-a8c7-38214271f2ef,P7,Radisson Blu Manchester Airport,United Kingdom,2,2024-12-17 00:00:00,e91f65db-aed2-4934-9a95-56bc538883f1,WKG-POS-130,,2026-04-18 12:41:58.54409+00,,TRUE
803f2aed-5387-48a3-98e3-7844eaa63780,P8,Radisson Hotel Manchester City,United Kingdom,2,2024-12-17 00:00:00,76697523-4b08-4cda-896b-f3fbbdee7681,WKG-POS-328,,2026-04-18 12:38:41.319815+00,,TRUE
803f2aed-5387-48a3-98e3-7844eaa63780,P8,Radisson Hotel Manchester City,United Kingdom,2,2024-12-17 00:00:00,2b1c57b8-6087-4933-be7b-21a6f64863dd,WKG-POS-131,,2026-04-18 12:42:21.384709+00,,TRUE
0e37fb26-5746-4040-9eca-3498274ff20b,P9,Park Inn by Radisson Cardiff City Centre,United Kingdom,2,2024-12-16 00:00:00,a9f14c72-3dfa-4a33-b6c6-6008d951e32d,WKG-POS-324,,2026-04-18 12:38:42.963611+00,,TRUE
0e37fb26-5746-4040-9eca-3498274ff20b,P9,Park Inn by Radisson Cardiff City Centre,United Kingdom,2,2024-12-16 00:00:00,0ad3578a-c1d2-4663-825f-273ef50f5dad,WKG-POS-126,,2026-04-18 12:42:32.532092+00,,TRUE
c0f59e9d-8688-4ff0-8f86-8d2e05f023e1,Q4,Radisson Blu Hotel Sheffield,United Kingdom,2,2024-09-17 09:57:00,f5442431-a790-445b-b8b7-a3a799eaac58,WKG-POS-0183,,2026-04-18 12:41:56.807685+00,,TRUE
c0f59e9d-8688-4ff0-8f86-8d2e05f023e1,Q4,Radisson Blu Hotel Sheffield,United Kingdom,2,2024-09-17 09:57:00,a3a0f799-d0d1-4ee7-a0cb-7de1a410ccbb,WKG-POS-119,KONG Self-Stadning,2026-04-18 12:44:47.281515+00,,TRUE
0d0ae30c-64cb-4a8d-b0d2-fb645e48bb85,S0,Clayton Hotel Bristol,United Kingdom,2,2025-07-31 00:00:00,634becd9-b6fd-4aa0-b9e9-1013bf3398a2,TMP_config_holder,,2026-04-18 12:37:01.544266+00,,TRUE
0d0ae30c-64cb-4a8d-b0d2-fb645e48bb85,S0,Clayton Hotel Bristol,United Kingdom,2,2025-07-31 00:00:00,04a3783d-7120-46d8-b2db-771066051c85,WKG-POS-054,,2026-04-18 12:40:22.36369+00,,TRUE
01a44f94-fb73-4034-aedd-067d0a2d7895,S5,NH Eurobuilding,Spain,2,2023-08-31 09:36:00,89c94520-9a89-4a1b-99c5-8dbc6ea727f5,WKG-POS-286,,2026-04-18 12:40:08.667099+00,,TRUE
01a44f94-fb73-4034-aedd-067d0a2d7895,S5,NH Eurobuilding,Spain,2,2023-08-31 09:36:00,97420c22-cdc4-4d18-ba4a-046b4100d83e,WKGSBSKYLINE2,Wall Mounted,2026-04-18 12:44:37.038911+00,,TRUE
4d1ab4c5-7b20-45a7-9bde-1d555f519c6a,S6,Spark by Hilton,Spain,2,2023-08-31 09:36:00,05edeb17-b50e-46b1-9983-6db27935353d,WKG-POS-287,,2026-04-18 12:40:20.521335+00,,TRUE
4d1ab4c5-7b20-45a7-9bde-1d555f519c6a,S6,Spark by Hilton,Spain,2,2023-08-31 09:36:00,d7688867-bf54-4d2e-9846-9b753aaebfa3,WKGSBMARLHR3,Wall Mounted,2026-04-18 12:44:31.925438+00,,TRUE
1abfdb5a-42f1-4a2c-b36d-df1c068f9e70,S7,IBIS Madrid Aeropuerto Barajas,Spain,2,2023-08-31 00:00:00,29ac331a-e40b-4936-87f0-e31f0bd7dd10,WKG-POS-30,Wall Mounted,2026-04-18 12:44:16.972734+00,,TRUE
1abfdb5a-42f1-4a2c-b36d-df1c068f9e70,S7,IBIS Madrid Aeropuerto Barajas,Spain,2,2023-08-31 00:00:00,91786ce0-d044-4c8e-bb94-72c42f8219a4,WKG-POS-299,,2026-04-18 12:46:32.501839+00,,TRUE
1cec49f0-a771-406e-ad94-e3259e00ab62,S8,Holiday Inn London - Heathrow Bath Road,United Kingdom,2,2025-09-16 00:00:00,c4d8db1c-93ac-4b22-9aaf-c86095a357ca,WKG-POS-242,,2026-04-18 12:39:53.98832+00,,TRUE
1cec49f0-a771-406e-ad94-e3259e00ab62,S8,Holiday Inn London - Heathrow Bath Road,United Kingdom,2,2025-09-16 00:00:00,18015f05-bdf5-4ed4-887e-515417dd0b34,WKG-POS-289,,2026-04-18 12:40:18.761063+00,,TRUE
8c4f153f-6d02-41f3-9318-9419f9401ca5,S9,IBIS Budget Madrid Aeropuerto,Spain,2,2024-08-08 09:50:00,2edb8ce2-b764-409d-a9ab-90408a13ca4b,WKG-POS-18-02,WKG Desktop,2026-04-18 12:44:30.206848+00,,TRUE
8c4f153f-6d02-41f3-9318-9419f9401ca5,S9,IBIS Budget Madrid Aeropuerto,Spain,2,2024-08-08 09:50:00,37bb987d-e386-43f6-a6e2-764e7214a664,WKG-POS-290,,2026-04-18 12:46:35.13556+00,,TRUE
88e37a12-1ccd-45a9-a273-b999fc3f5ab1,U5,DoubleTree by Hilton Ealing SSM,United Kingdom,2,2023-11-14 00:00:00,cc494bfa-155c-4d78-96b2-24dc3fcb8e42,WKG-POS-052,,2026-04-18 12:43:35.805214+00,,TRUE
88e37a12-1ccd-45a9-a273-b999fc3f5ab1,U5,DoubleTree by Hilton Ealing SSM,United Kingdom,2,2023-11-14 00:00:00,35b8d9d6-93d4-43a0-add1-7a1f8c11c807,WKG-POS-21-25,KONG Self-Stadning,2026-04-18 12:44:23.523871+00,,TRUE
edb82d6d-2d75-4e2f-beb9-7ec61ed01eef,U9,Zedwell Piccadilly SSM,United Kingdom,2,2026-01-08 06:15:00,fc842068-fc0b-43ff-b50e-963821d1adc8,WKG-POS-120,,2026-04-20 12:23:27.532822+00,,TRUE
edb82d6d-2d75-4e2f-beb9-7ec61ed01eef,U9,Zedwell Piccadilly SSM,United Kingdom,2,2026-01-08 06:15:00,e8105ada-a7a5-4396-bfef-add7006b75a2,WKG-POS-551,,2026-04-20 12:24:16.339057+00,,TRUE
bbcd178d-386b-4fc5-b63b-106eef19c45e,W0,Holiday Express Munich City West,Germany,2,2024-03-28 00:00:00,df2cd1b1-ac01-4e58-80bd-25171f964bbe,WKG-POS-045,KONG Self-Stadning,2026-04-18 12:43:21.775156+00,,TRUE
bbcd178d-386b-4fc5-b63b-106eef19c45e,W0,Holiday Express Munich City West,Germany,2,2024-03-28 00:00:00,a4d45040-0326-4353-a8a6-516a5c6f0f77,WKG-POS-283,,2026-04-18 12:47:03.315743+00,,TRUE
2a5aea77-d859-4320-a8c8-22ff56f673f2,W2,NH Berlin Kurfürstendamm,Germany,2,2024-03-15 09:53:00,38e465f8-bac4-481f-a8b3-5281e267c179,WKG-POS-042,,2026-04-18 12:43:33.860258+00,,TRUE
2a5aea77-d859-4320-a8c8-22ff56f673f2,W2,NH Berlin Kurfürstendamm,Germany,2,2024-03-15 09:53:00,5bc41785-f9e5-4ced-8874-871be99a000c,WKG-POS-275,,2026-04-18 12:46:51.506862+00,,TRUE
6047a93a-f241-4e87-851b-53e4665e6ba2,W5,Mercure Hotel MOA Berlin,Germany,2,2024-03-20 09:21:00,467eaae4-a00a-4043-82e8-bd1708954217,WKG-POS-043,KONG Self-Stadning,2026-04-18 12:40:24.105712+00,,TRUE
6047a93a-f241-4e87-851b-53e4665e6ba2,W5,Mercure Hotel MOA Berlin,Germany,2,2024-03-20 09:21:00,cc00dccb-7361-4c5d-a2eb-c662eb0d57e5,WKG-POS-278,,2026-04-18 12:46:55.077328+00,,TRUE
30bee6ea-825e-4cc9-bdd8-8fbff3231a52,W6,Holiday Inn Express Berlin,Germany,2,2024-03-20 08:47:00,1e1cf630-ec2a-48be-8b45-3a752940dfa2,WKG-POS-037,KONG Self-Stadning,2026-04-18 12:43:23.547678+00,,TRUE
30bee6ea-825e-4cc9-bdd8-8fbff3231a52,W6,Holiday Inn Express Berlin,Germany,2,2024-03-20 08:47:00,7b9af83f-288f-4981-ac01-dba58deec1d2,WKG-POS-279,,2026-04-18 12:46:56.727454+00,,TRUE
2dc4fc60-fb3c-43ef-9296-8cbacae782ca,W7,Hotel Lux Eleven Berlin-Mitte,Germany,2,2024-04-02 00:00:00,c3f5c48d-25f6-44b5-a6e5-f8fc3fdef41d,WKG-POS-023,KONG Self-Stadning,2026-04-18 12:43:18.488608+00,,TRUE
2dc4fc60-fb3c-43ef-9296-8cbacae782ca,W7,Hotel Lux Eleven Berlin-Mitte,Germany,2,2024-04-02 00:00:00,6fbd5c11-8399-435b-b509-fbb168faa85c,WKG-POS-280,,2026-04-18 12:46:58.365272+00,,TRUE
2768bbd9-1232-4554-8e69-558ea5a02468,W8,Leonardo Royal hotel Berlin Alexanderplatz,Germany,2,2024-03-28 10:27:00,46b6e3a1-c887-4b9f-9a4e-fbafba8757a4,WKG-POS-046,KONG Self-Stadning,2026-04-18 12:43:16.75286+00,,TRUE
2768bbd9-1232-4554-8e69-558ea5a02468,W8,Leonardo Royal hotel Berlin Alexanderplatz,Germany,2,2024-03-28 10:27:00,b699d252-c07d-4683-90c3-2046704604c5,WKG-POS-281,,2026-04-18 12:46:59.98888+00,,TRUE
5163d0db-53d5-40cf-858f-18cb1d22b08e,W9,Leipzig Marriott Hotel,Germany,2,2025-08-20 00:00:00,8b056d97-e972-491e-9735-0d1131e5b834,WKG-POS-044,KONG Self-Stadning,2026-04-18 12:43:20.146533+00,,TRUE
5163d0db-53d5-40cf-858f-18cb1d22b08e,W9,Leipzig Marriott Hotel,Germany,2,2025-08-20 00:00:00,92a28d06-ff6e-47a8-80a7-f3eb83ac4efc,WKG-POS-282,,2026-04-18 12:47:01.636064+00,,TRUE
001e7d22-9ef6-47ca-8c51-3997bfd50237,X9,St Giles London,United Kingdom,2,2024-07-31 09:01:00,8550e9bc-99e1-4b43-8db6-d39cd7fa6816,WKG-POS-553,,2026-04-18 12:37:49.819935+00,,TRUE
001e7d22-9ef6-47ca-8c51-3997bfd50237,X9,St Giles London,United Kingdom,2,2024-07-31 09:01:00,f9dd42aa-4a3a-4551-bcb9-c71c59b6ca53,WKG-POS-097,,2026-04-18 12:42:50.33977+00,,TRUE
